Step,AgentID,Speed,VehicleType
158,1,0,1
159,1,1,1
160,1,2,1
161,1,3,1
162,1,4,1
163,1,5,1
164,1,6,1
165,1,5,1
165,2,0,2
166,1,4,1
166,2,1,2
167,1,3,1
167,2,2,2
168,1,4,1
168,2,3,2
169,1,5,1
169,2,4,2
170,1,6,1
170,2,5,2
171,1,7,1
171,2,4,2
172,1,7,1
172,2,3,2
173,1,7,1
173,2,2,2
174,1,7,1
174,2,1,2
175,1,6,1
175,2,2,2
176,1,5,1
176,2,1,2
177,1,4,1
177,2,2,2
178,1,3,1
178,2,3,2
179,1,2,1
179,2,4,2
180,1,1,1
180,2,5,2
181,1,0,1
181,2,4,2
182,1,0,1
182,2,3,2
183,1,0,1
184,1,1,1
185,1,0,1
186,1,1,1
187,1,2,1
188,1,1,1
265,3,0,1
266,3,1,1
267,3,2,1
268,3,3,1
269,3,4,1
270,3,5,1
271,3,6,1
272,3,7,1
273,3,7,1
274,3,7,1
275,3,6,1
276,3,5,1
277,3,4,1
278,3,3,1
279,3,2,1
279,4,0,1
280,3,1,1
280,4,1,1
281,3,2,1
281,4,2,1
282,3,1,1
282,4,3,1
283,3,2,1
283,4,4,1
284,3,3,1
284,4,5,1
285,3,4,1
285,4,6,1
286,3,5,1
286,4,7,1
287,3,6,1
287,4,7,1
288,3,7,1
288,4,7,1
289,3,7,1
289,4,7,1
290,3,7,1
290,4,7,1
291,3,7,1
291,4,6,1
292,3,7,1
292,4,5,1
293,3,7,1
293,4,4,1
294,3,7,1
294,4,3,1
295,3,6,1
295,4,4,1
296,3,7,1
296,4,3,1
297,3,6,1
297,4,2,1
298,3,5,1
298,4,3,1
299,4,4,1
300,4,5,1
301,4,6,1
302,4,7,1
303,4,7,1
304,4,7,1
305,4,7,1
306,4,7,1
307,4,7,1
308,4,7,1
309,4,7,1
310,4,7,1
311,4,7,1
312,4,7,1
313,4,7,1
314,4,6,1
315,4,5,1
316,4,6,1
317,4,5,1
318,4,4,1
319,4,3,1
320,4,4,1
340,5,0,1
341,5,1,1
342,5,2,1
343,5,3,1
344,5,2,1
345,5,3,1
346,5,4,1
347,5,5,1
348,5,6,1
349,5,7,1
350,5,7,1
351,5,7,1
352,5,7,1
353,5,7,1
354,5,7,1
355,5,7,1
356,5,7,1
357,5,7,1
358,5,7,1
359,5,7,1
360,5,7,1
361,5,6,1
362,5,5,1
363,5,6,1
364,5,5,1
424,6,0,4
425,6,1,4
426,6,2,4
427,6,3,4
428,6,4,4
429,6,5,4
430,6,6,4
431,6,5,4
432,6,4,4
433,6,3,4
434,6,2,4
435,6,3,4
436,6,4,4
437,6,5,4
438,6,6,4
439,6,7,4
440,6,7,4
441,6,7,4
442,6,6,4
443,6,5,4
444,6,4,4
445,6,5,4
533,7,0,2
534,7,1,2
535,7,2,2
536,7,3,2
537,7,4,2
538,7,5,2
539,7,6,2
540,7,7,2
541,7,6,2
542,7,5,2
543,7,4,2
544,7,5,2
545,7,4,2
545,8,0,3
546,7,3,2
546,8,1,3
547,7,4,2
547,8,2,3
548,7,5,2
548,8,3,3
549,7,6,2
549,8,4,3
550,7,5,2
550,8,5,3
551,7,4,2
551,8,4,3
552,7,3,2
552,8,3,3
553,7,2,2
553,8,2,3
554,7,3,2
554,8,3,3
555,7,4,2
555,8,4,3
556,7,5,2
556,8,5,3
557,7,6,2
557,8,4,3
558,7,7,2
558,8,3,3
559,7,7,2
559,8,4,3
560,7,6,2
560,8,3,3
561,7,7,2
561,8,2,3
562,7,6,2
562,8,3,3
563,7,5,2
563,8,4,3
564,7,4,2
564,8,5,3
565,7,3,2
565,8,6,3
566,7,2,2
566,8,7,3
567,7,1,2
567,8,7,3
568,7,2,2
568,8,7,3
569,7,3,2
569,8,7,3
570,7,4,2
570,8,7,3
571,7,5,2
571,8,7,3
572,7,6,2
572,8,7,3
573,7,7,2
573,8,7,3
574,7,7,2
574,8,7,3
575,7,7,2
575,8,7,3
576,7,7,2
576,8,7,3
577,7,7,2
577,8,7,3
578,7,7,2
578,8,6,3
579,7,7,2
579,8,5,3
580,7,7,2
580,8,4,3
581,7,7,2
581,8,3,3
582,7,7,2
582,8,2,3
583,7,7,2
583,8,1,3
584,7,6,2
584,8,0,3
585,7,5,2
585,8,1,3
586,7,6,2
586,8,0,3
587,7,5,2
587,8,1,3
588,7,4,2
588,8,0,3
589,7,3,2
589,8,1,3
590,7,4,2
590,8,2,3
591,7,5,2
591,8,3,3
592,7,6,2
592,8,4,3
593,7,5,2
593,8,5,3
594,7,4,2
594,8,6,3
595,7,3,2
595,8,7,3
596,7,2,2
596,8,7,3
597,7,3,2
597,8,7,3
598,7,4,2
598,8,7,3
599,7,5,2
599,8,7,3
599,9,0,3
600,7,4,2
600,8,7,3
600,9,1,3
601,7,3,2
601,8,7,3
601,9,2,3
602,7,2,2
602,8,6,3
602,9,3,3
603,7,1,2
603,8,5,3
603,9,2,3
604,7,2,2
604,8,4,3
604,9,1,3
605,7,1,2
605,8,3,3
605,9,0,3
606,7,2,2
606,8,2,3
606,9,1,3
607,7,3,2
607,8,1,3
607,9,0,3
608,7,4,2
608,8,0,3
608,9,1,3
609,7,5,2
609,8,1,3
609,9,0,3
610,7,6,2
610,8,0,3
610,9,1,3
611,7,7,2
611,9,2,3
612,7,6,2
612,9,3,3
613,7,5,2
613,9,4,3
614,7,4,2
614,9,5,3
615,7,3,2
615,9,6,3
616,7,2,2
616,9,7,3
617,7,3,2
617,9,6,3
618,7,2,2
618,9,5,3
619,7,3,2
619,9,4,3
620,7,4,2
620,9,3,3
621,7,5,2
621,9,2,3
622,7,6,2
622,9,1,3
623,7,7,2
623,9,0,3
624,7,7,2
624,9,1,3
625,7,7,2
625,9,0,3
626,7,7,2
626,9,1,3
627,7,6,2
627,9,2,3
628,7,5,2
628,9,3,3
629,7,4,2
629,9,4,3
630,7,3,2
630,9,5,3
631,7,2,2
631,9,4,3
632,7,1,2
632,9,3,3
633,7,0,2
633,9,2,3
634,7,0,2
634,9,3,3
635,9,4,3
636,9,5,3
637,9,4,3
638,9,5,3
639,9,4,3
640,9,3,3
650,10,0,2
651,10,1,2
652,10,2,2
653,10,3,2
654,10,4,2
655,10,5,2
656,10,6,2
656,11,0,1
657,10,7,2
657,11,1,1
658,10,7,2
658,11,2,1
659,10,6,2
659,11,3,1
660,10,5,2
660,11,4,1
661,10,4,2
661,11,5,1
662,10,3,2
662,11,6,1
663,10,4,2
663,11,7,1
664,10,3,2
664,11,6,1
665,10,2,2
665,11,5,1
666,10,1,2
666,11,4,1
667,10,0,2
667,11,5,1
668,10,1,2
668,11,4,1
669,10,0,2
669,11,3,1
670,10,1,2
670,11,4,1
671,10,2,2
671,11,5,1
672,10,3,2
672,11,6,1
673,10,4,2
673,11,7,1
674,10,5,2
674,11,7,1
675,10,6,2
675,11,7,1
676,10,7,2
676,11,7,1
677,10,7,2
677,11,6,1
678,10,7,2
678,11,7,1
679,10,7,2
679,11,6,1
680,10,7,2
680,11,5,1
681,10,7,2
682,10,7,2
683,10,7,2
684,10,7,2
685,10,7,2
686,10,7,2
687,10,6,2
688,10,5,2
689,10,4,2
690,10,5,2
691,10,4,2
692,10,3,2
693,10,4,2
694,10,5,2
695,10,6,2
696,10,5,2
697,10,4,2
698,10,3,2
699,10,2,2
700,10,3,2
701,10,4,2
702,10,5,2
703,10,4,2
704,10,3,2
705,10,2,2
706,10,1,2
707,10,0,2
708,10,1,2
709,10,0,2
710,10,1,2
711,10,0,2
712,10,1,2
713,10,2,2
714,10,3,2
715,10,4,2
716,10,5,2
717,10,6,2
718,10,7,2
719,10,6,2
720,10,5,2
721,10,4,2
722,10,3,2
723,10,2,2
724,10,1,2
725,10,0,2
726,10,1,2
727,10,0,2
728,10,0,2
729,10,1,2
730,10,0,2
731,10,1,2
732,10,2,2
733,10,3,2
734,10,2,2
749,12,0,1
750,12,1,1
751,12,2,1
752,12,3,1
753,12,4,1
754,12,3,1
755,12,2,1
756,12,1,1
757,12,2,1
758,12,3,1
759,12,4,1
760,12,5,1
761,12,6,1
762,12,7,1
763,12,6,1
764,12,5,1
765,12,6,1
766,12,5,1
844,13,0,2
845,13,1,2
846,13,2,2
847,13,3,2
848,13,4,2
849,13,5,2
850,13,6,2
851,13,7,2
852,13,7,2
853,13,7,2
854,13,7,2
855,13,7,2
856,13,7,2
857,13,7,2
858,13,7,2
859,13,7,2
860,13,7,2
861,13,7,2
862,13,6,2
863,13,5,2
864,13,6,2
865,13,5,2
866,13,4,2
867,13,3,2
868,13,4,2
869,13,5,2
870,13,6,2
871,13,5,2
872,13,4,2
912,14,0,1
913,14,1,1
914,14,2,1
915,14,3,1
916,14,4,1
917,14,5,1
918,14,4,1
919,14,3,1
920,14,2,1
921,14,1,1
922,14,2,1
923,14,1,1
924,14,2,1
925,14,3,1
926,14,4,1
926,15,0,4
927,14,5,1
927,15,1,4
928,14,6,1
928,15,2,4
929,14,5,1
929,15,3,4
930,14,4,1
930,15,4,4
931,14,3,1
931,15,5,4
932,14,4,1
932,15,6,4
933,14,5,1
933,15,7,4
934,14,6,1
934,15,6,4
935,14,7,1
935,15,7,4
936,14,7,1
936,15,6,4
937,14,7,1
937,15,5,4
937,16,0,1
938,14,7,1
938,15,4,4
938,16,1,1
938,17,0,4
939,14,7,1
939,15,5,4
939,16,2,1
939,17,1,4
940,14,7,1
940,15,4,4
940,16,1,1
940,17,2,4
941,14,7,1
941,15,3,4
941,16,2,1
941,17,3,4
942,14,7,1
942,15,2,4
942,16,1,1
942,17,4,4
943,14,7,1
943,15,1,4
943,16,2,1
943,17,5,4
944,14,7,1
944,15,2,4
944,16,3,1
944,17,6,4
945,14,7,1
945,15,1,4
945,16,4,1
945,17,7,4
946,14,7,1
946,16,5,1
946,17,7,4
947,14,7,1
947,16,6,1
947,17,7,4
948,14,6,1
948,16,7,1
948,17,7,4
949,14,5,1
949,16,7,1
949,17,6,4
950,14,4,1
950,16,7,1
950,17,5,4
951,14,3,1
951,16,7,1
951,17,4,4
952,14,2,1
952,16,7,1
952,17,3,4
953,14,1,1
953,16,7,1
953,17,2,4
954,14,0,1
954,16,7,1
954,17,3,4
955,14,1,1
955,16,7,1
955,17,2,4
956,14,0,1
956,16,7,1
956,17,3,4
957,14,1,1
957,16,7,1
957,17,4,4
958,14,0,1
958,16,7,1
958,17,3,4
959,14,1,1
959,16,7,1
959,17,4,4
960,14,2,1
960,16,6,1
960,17,3,4
961,14,3,1
961,16,5,1
962,14,4,1
962,16,4,1
963,14,5,1
963,16,3,1
964,14,6,1
964,16,4,1
965,14,7,1
965,16,3,1
966,14,7,1
966,16,4,1
967,14,7,1
967,16,5,1
968,14,7,1
968,16,6,1
969,14,7,1
969,16,5,1
970,14,6,1
970,16,4,1
971,14,5,1
971,16,3,1
972,14,4,1
972,16,2,1
973,14,5,1
973,16,1,1
974,16,0,1
975,16,1,1
976,16,0,1
977,16,0,1
978,16,1,1
979,16,0,1
980,16,1,1
981,16,2,1
982,16,3,1
983,16,4,1
984,16,5,1
985,16,4,1
986,16,3,1
987,16,2,1
988,16,1,1
989,16,2,1
990,16,1,1
991,16,2,1
992,16,3,1
993,16,4,1
994,16,5,1
995,16,6,1
996,16,7,1
997,16,6,1
998,16,5,1
999,16,6,1
1000,16,5,1
1001,16,4,1
1002,16,3,1
1003,16,4,1
1004,16,5,1
1070,18,0,4
1071,18,1,4
1072,18,2,4
1073,18,3,4
1074,18,4,4
1075,18,5,4
1076,18,6,4
1077,18,7,4
1078,18,6,4
1079,18,5,4
1080,18,6,4
1081,18,5,4
1082,18,4,4
1083,18,3,4
1084,18,4,4
1085,18,5,4
1086,18,6,4
1087,18,5,4
1088,18,4,4
1089,18,3,4
1090,18,2,4
1091,18,3,4
1092,18,4,4
1093,18,5,4
1094,18,6,4
1095,18,5,4
1096,18,4,4
1097,18,3,4
1098,18,2,4
1099,18,1,4
1100,18,2,4
1101,18,3,4
1102,18,2,4
1103,18,1,4
1104,18,0,4
1217,19,0,2
1218,19,1,2
1219,19,2,2
1220,19,3,2
1221,19,4,2
1222,19,5,2
1223,19,6,2
1224,19,7,2
1225,19,6,2
1226,19,5,2
1227,19,4,2
1228,19,3,2
1229,19,2,2
1230,19,1,2
1231,19,2,2
1232,19,1,2
1233,19,2,2
1234,19,3,2
1235,19,4,2
1236,19,5,2
1237,19,4,2
1238,19,3,2
1239,19,2,2
1239,20,0,1
1240,19,1,2
1240,20,1,1
1241,19,2,2
1241,20,2,1
1242,19,3,2
1242,20,3,1
1243,19,4,2
1243,20,2,1
1244,19,5,2
1244,20,3,1
1245,19,4,2
1245,20,4,1
1246,19,3,2
1246,20,5,1
1247,19,4,2
1247,20,6,1
1248,19,3,2
1248,20,7,1
1249,19,2,2
1249,20,7,1
1250,19,1,2
1250,20,7,1
1251,19,0,2
1251,20,7,1
1252,19,0,2
1252,20,7,1
1253,20,7,1
1254,20,7,1
1255,20,7,1
1256,20,7,1
1257,20,7,1
1258,20,7,1
1259,20,7,1
1260,20,6,1
1261,20,5,1
1262,20,4,1
1263,20,5,1
1264,20,4,1
1265,20,3,1
1266,20,2,1
1267,20,1,1
1322,21,0,1
1323,21,1,1
1324,21,2,1
1325,21,3,1
1326,21,4,1
1327,21,5,1
1328,21,6,1
1329,21,7,1
1330,21,7,1
1331,21,7,1
1332,21,6,1
1333,21,5,1
1334,21,4,1
1335,21,3,1
1336,21,2,1
1337,21,1,1
1338,21,0,1
1339,21,1,1
1340,21,0,1
1341,21,0,1
1341,22,0,1
1342,21,1,1
1342,22,1,1
1343,21,0,1
1343,22,2,1
1344,21,1,1
1344,22,3,1
1345,21,2,1
1345,22,4,1
1346,21,1,1
1346,22,5,1
1347,21,2,1
1347,22,6,1
1347,23,0,1
1348,21,1,1
1348,22,5,1
1348,23,1,1
1349,21,2,1
1349,22,4,1
1349,23,2,1
1350,21,3,1
1350,22,3,1
1350,23,1,1
1351,21,4,1
1351,22,4,1
1351,23,0,1
1352,21,5,1
1352,22,5,1
1352,23,1,1
1353,21,6,1
1353,22,6,1
1353,23,0,1
1354,21,7,1
1354,22,7,1
1354,23,0,1
1355,21,7,1
1355,22,7,1
1355,23,0,1
1356,21,7,1
1356,22,7,1
1356,23,0,1
1357,21,7,1
1357,22,7,1
1357,23,1,1
1358,21,7,1
1358,22,6,1
1358,23,0,1
1359,21,7,1
1359,22,5,1
1359,23,1,1
1360,21,7,1
1360,22,4,1
1360,23,2,1
1361,21,7,1
1361,22,3,1
1361,23,3,1
1362,21,7,1
1362,22,2,1
1362,23,4,1
1363,21,7,1
1363,22,1,1
1363,23,5,1
1364,21,7,1
1364,22,0,1
1364,23,6,1
1365,21,7,1
1365,22,1,1
1365,23,7,1
1366,21,6,1
1366,22,0,1
1366,23,7,1
1367,21,5,1
1367,22,1,1
1367,23,7,1
1368,21,4,1
1368,22,2,1
1368,23,7,1
1369,21,3,1
1369,22,1,1
1369,23,7,1
1370,21,4,1
1370,22,2,1
1370,23,7,1
1370,24,0,1
1371,21,3,1
1371,22,1,1
1371,23,7,1
1371,24,1,1
1372,21,4,1
1372,22,2,1
1372,23,7,1
1372,24,2,1
1373,21,5,1
1373,22,3,1
1373,23,7,1
1373,24,3,1
1374,21,6,1
1374,22,4,1
1374,23,7,1
1374,24,4,1
1375,21,5,1
1375,22,5,1
1375,23,7,1
1375,24,5,1
1376,21,4,1
1376,22,6,1
1376,23,7,1
1376,24,6,1
1377,21,3,1
1377,22,7,1
1377,23,6,1
1377,24,7,1
1378,21,2,1
1378,22,7,1
1378,23,5,1
1378,24,7,1
1379,21,1,1
1379,22,7,1
1379,23,4,1
1379,24,7,1
1380,21,0,1
1380,22,7,1
1380,23,3,1
1380,24,7,1
1381,21,1,1
1381,22,7,1
1381,23,2,1
1381,24,7,1
1382,21,0,1
1382,22,7,1
1382,23,1,1
1382,24,6,1
1383,21,0,1
1383,22,7,1
1383,23,2,1
1383,24,5,1
1384,21,0,1
1384,22,7,1
1384,23,1,1
1384,24,4,1
1385,21,0,1
1385,22,7,1
1385,23,2,1
1385,24,3,1
1386,21,1,1
1386,22,7,1
1386,23,3,1
1386,24,4,1
1387,21,0,1
1387,22,7,1
1387,23,4,1
1387,24,3,1
1388,21,1,1
1388,22,7,1
1388,23,5,1
1388,24,2,1
1389,21,2,1
1389,22,6,1
1389,23,6,1
1389,24,3,1
1390,21,3,1
1390,22,5,1
1390,23,5,1
1390,24,4,1
1391,21,4,1
1391,22,4,1
1391,23,4,1
1391,24,5,1
1392,21,5,1
1392,22,3,1
1392,23,3,1
1392,24,6,1
1393,21,4,1
1393,22,4,1
1393,23,4,1
1393,24,7,1
1394,21,3,1
1394,22,3,1
1394,23,5,1
1394,24,7,1
1394,25,0,1
1395,21,2,1
1395,22,4,1
1395,23,4,1
1395,24,7,1
1395,25,1,1
1396,21,3,1
1396,22,5,1
1396,23,3,1
1396,24,7,1
1396,25,2,1
1397,21,2,1
1397,22,6,1
1397,23,4,1
1397,24,7,1
1397,25,3,1
1398,21,3,1
1398,22,5,1
1398,23,3,1
1398,24,7,1
1398,25,4,1
1399,21,4,1
1399,22,4,1
1399,23,2,1
1399,24,7,1
1399,25,5,1
1400,21,5,1
1400,22,3,1
1400,23,1,1
1400,24,7,1
1400,25,6,1
1401,21,6,1
1401,22,2,1
1401,23,0,1
1401,24,7,1
1401,25,7,1
1402,21,7,1
1402,22,1,1
1402,23,1,1
1402,24,7,1
1402,25,7,1
1403,21,7,1
1403,22,2,1
1403,23,0,1
1403,24,7,1
1403,25,6,1
1404,21,6,1
1404,22,1,1
1404,23,1,1
1404,24,7,1
1404,25,5,1
1405,21,5,1
1405,22,2,1
1405,23,0,1
1405,24,6,1
1405,25,4,1
1406,21,4,1
1406,22,3,1
1406,23,1,1
1406,24,5,1
1406,25,3,1
1407,21,3,1
1407,22,4,1
1407,23,2,1
1407,24,6,1
1407,25,2,1
1408,21,2,1
1408,22,5,1
1408,23,3,1
1408,24,5,1
1408,25,1,1
1409,21,1,1
1409,22,4,1
1409,23,4,1
1409,24,4,1
1409,25,2,1
1410,21,0,1
1410,22,3,1
1410,23,5,1
1410,24,3,1
1410,25,1,1
1411,21,1,1
1411,22,2,1
1411,23,6,1
1411,24,4,1
1411,25,2,1
1412,21,0,1
1412,22,3,1
1412,23,7,1
1412,24,5,1
1412,25,3,1
1413,21,0,1
1413,22,2,1
1413,23,6,1
1413,24,6,1
1413,25,4,1
1414,21,0,1
1414,22,3,1
1414,23,5,1
1414,24,5,1
1414,25,5,1
1415,21,0,1
1415,22,4,1
1415,23,4,1
1415,24,4,1
1415,25,6,1
1416,21,0,1
1416,22,5,1
1416,23,3,1
1416,24,3,1
1416,25,5,1
1417,21,0,1
1417,22,6,1
1417,23,2,1
1417,24,2,1
1417,25,4,1
1418,21,0,1
1418,22,7,1
1418,23,1,1
1418,24,1,1
1418,25,3,1
1419,21,1,1
1419,22,7,1
1419,23,2,1
1419,24,0,1
1419,25,2,1
1420,21,0,1
1420,22,6,1
1420,23,1,1
1420,24,1,1
1420,25,3,1
1421,21,1,1
1421,22,5,1
1421,23,2,1
1421,24,0,1
1421,25,4,1
1422,21,2,1
1422,22,4,1
1422,23,1,1
1422,24,0,1
1422,25,5,1
1423,21,3,1
1423,22,3,1
1423,23,0,1
1423,24,1,1
1423,25,6,1
1424,21,4,1
1424,22,2,1
1424,23,1,1
1424,24,0,1
1424,25,7,1
1425,21,3,1
1425,22,1,1
1425,23,2,1
1425,24,1,1
1425,25,7,1
1426,21,2,1
1426,23,3,1
1426,24,2,1
1426,25,7,1
1427,21,1,1
1427,23,4,1
1427,24,3,1
1427,25,6,1
1428,23,3,1
1428,24,4,1
1428,25,5,1
1429,24,5,1
1429,25,4,1
1430,24,4,1
1430,25,5,1
1431,24,3,1
1431,25,4,1
1432,24,2,1
1432,25,3,1
1433,24,1,1
1433,25,2,1
1434,25,1,1
1435,25,2,1
1436,25,1,1
1437,25,2,1
1438,25,3,1
1439,25,4,1
1440,25,5,1
1441,25,6,1
1442,25,7,1
1443,25,7,1
1444,25,7,1
1445,25,7,1
1446,25,7,1
1447,25,6,1
1448,25,5,1
1449,25,6,1
1450,25,5,1
1467,26,0,2
1468,26,1,2
1469,26,2,2
1470,26,3,2
1471,26,2,2
1472,26,1,2
1473,26,2,2
1474,26,1,2
1475,26,2,2
1476,26,3,2
1477,26,4,2
1478,26,5,2
1479,26,6,2
1480,26,7,2
1481,26,6,2
1482,26,5,2
1483,26,4,2
1484,26,3,2
1485,26,2,2
1486,26,1,2
1487,26,2,2
1488,26,1,2
1489,26,2,2
1489,27,0,4
1490,26,3,2
1490,27,1,4
1491,26,4,2
1491,27,2,4
1492,26,5,2
1492,27,3,4
1493,26,4,2
1493,27,4,4
1494,26,3,2
1494,27,5,4
1495,26,2,2
1495,27,6,4
1496,26,1,2
1496,27,7,4
1497,26,2,2
1497,27,7,4
1498,26,3,2
1498,27,7,4
1499,26,4,2
1499,27,7,4
1500,26,5,2
1500,27,7,4
1501,26,4,2
1501,27,6,4
1502,26,3,2
1502,27,5,4
1503,26,4,2
1503,27,4,4
1504,26,3,2
1504,27,5,4
1505,26,4,2
1505,27,4,4
1506,26,5,2
1506,27,3,4
1507,26,6,2
1507,27,4,4
1508,26,7,2
1508,27,5,4
1509,26,7,2
1509,27,6,4
1510,26,7,2
1510,27,7,4
1511,26,7,2
1511,27,7,4
1512,26,7,2
1512,27,7,4
1513,26,7,2
1513,27,7,4
1514,26,7,2
1514,27,7,4
1515,26,7,2
1515,27,7,4
1516,26,7,2
1516,27,7,4
1517,26,7,2
1517,27,7,4
1518,26,7,2
1518,27,7,4
1519,26,7,2
1519,27,7,4
1520,26,6,2
1520,27,7,4
1521,26,5,2
1521,27,7,4
1522,26,4,2
1522,27,7,4
1523,26,3,2
1523,27,6,4
1524,26,4,2
1524,27,5,4
1525,27,4,4
1526,27,3,4
1527,27,2,4
1528,27,3,4
1529,27,2,4
1530,27,3,4
1531,27,4,4
1532,27,5,4
1533,27,6,4
1534,27,5,4
1535,27,4,4
1536,27,3,4
1570,28,0,4
1571,28,1,4
1572,28,2,4
1573,28,3,4
1574,28,4,4
1575,28,5,4
1576,28,6,4
1577,28,7,4
1578,28,7,4
1579,28,7,4
1580,28,7,4
1581,28,7,4
1582,28,7,4
1583,28,7,4
1584,28,7,4
1585,28,7,4
1586,28,7,4
1587,28,7,4
1587,29,0,4
1588,28,7,4
1588,29,1,4
1589,28,6,4
1589,29,2,4
1590,28,5,4
1590,29,3,4
1591,28,4,4
1591,29,4,4
1592,28,3,4
1592,29,5,4
1593,28,4,4
1593,29,6,4
1594,28,3,4
1594,29,7,4
1595,28,4,4
1595,29,7,4
1596,28,5,4
1596,29,7,4
1597,28,6,4
1597,29,7,4
1598,28,5,4
1598,29,6,4
1599,28,4,4
1599,29,5,4
1600,28,3,4
1600,29,4,4
1601,28,2,4
1601,29,3,4
1602,28,3,4
1602,29,2,4
1603,28,2,4
1603,29,3,4
1604,28,3,4
1604,29,2,4
1605,28,4,4
1605,29,3,4
1606,28,5,4
1606,29,4,4
1607,28,6,4
1607,29,5,4
1608,28,5,4
1608,29,6,4
1609,28,4,4
1609,29,7,4
1610,28,3,4
1610,29,7,4
1611,28,4,4
1611,29,6,4
1612,28,5,4
1612,29,5,4
1613,28,6,4
1613,29,4,4
1614,28,7,4
1614,29,3,4
1615,28,7,4
1615,29,2,4
1616,28,6,4
1616,29,3,4
1617,28,5,4
1617,29,2,4
1618,28,4,4
1618,29,3,4
1619,28,5,4
1619,29,4,4
1620,29,5,4
1621,29,6,4
1622,29,5,4
1623,29,4,4
1624,29,3,4
1625,29,4,4
1626,29,5,4
1627,29,6,4
1628,29,5,4
1629,29,4,4
1630,29,3,4
1631,29,2,4
1664,30,0,1
1665,30,1,1
1666,30,2,1
1667,30,3,1
1668,30,4,1
1669,30,5,1
1669,31,0,4
1670,30,6,1
1670,31,1,4
1671,30,7,1
1671,31,2,4
1672,30,6,1
1672,31,3,4
1673,30,5,1
1673,31,4,4
1674,30,4,1
1674,31,5,4
1675,30,5,1
1675,31,6,4
1676,30,4,1
1676,31,7,4
1677,30,3,1
1677,31,7,4
1678,30,4,1
1678,31,7,4
1679,30,5,1
1679,31,7,4
1680,30,6,1
1680,31,7,4
1681,30,5,1
1681,31,7,4
1682,30,4,1
1682,31,7,4
1683,31,7,4
1684,31,7,4
1685,31,7,4
1686,31,7,4
1687,31,7,4
1688,31,6,4
1689,31,5,4
1690,31,4,4
1691,31,3,4
1692,31,2,4
1693,31,3,4
1694,31,2,4
1695,31,3,4
1696,31,2,4
1697,31,1,4
1698,31,0,4
1698,32,0,2
1699,32,1,2
1700,32,2,2
1701,32,1,2
1702,32,2,2
1703,32,3,2
1704,32,4,2
1705,32,5,2
1706,32,4,2
1707,32,3,2
1707,33,0,4
1708,32,2,2
1708,33,1,4
1709,33,2,4
1710,33,1,4
1711,33,2,4
1712,33,3,4
1713,33,4,4
1714,33,3,4
1715,33,2,4
1716,33,1,4
1717,33,2,4
1718,33,1,4
1719,33,2,4
1720,33,3,4
1721,33,4,4
1722,33,5,4
1723,33,6,4
1724,33,7,4
1725,33,6,4
1726,33,7,4
1727,33,6,4
1728,33,5,4
1811,34,0,4
1812,34,1,4
1813,34,2,4
1814,34,3,4
1815,34,4,4
1815,35,0,4
1816,34,3,4
1816,35,1,4
1817,34,2,4
1817,35,2,4
1818,34,1,4
1818,35,3,4
1819,34,0,4
1819,35,4,4
1820,34,0,4
1820,35,5,4
1821,34,0,4
1821,35,6,4
1822,34,1,4
1822,35,7,4
1823,34,0,4
1823,35,6,4
1824,34,1,4
1824,35,7,4
1825,34,2,4
1825,35,6,4
1826,34,3,4
1826,35,5,4
1827,34,4,4
1827,35,4,4
1828,34,5,4
1828,35,5,4
1829,34,6,4
1829,35,6,4
1830,34,7,4
1830,35,5,4
1831,34,6,4
1831,35,4,4
1832,34,7,4
1832,35,3,4
1833,34,6,4
1833,35,2,4
1834,34,5,4
1834,35,1,4
1835,34,4,4
1835,35,2,4
1836,34,5,4
1836,35,1,4
1837,34,6,4
1837,35,2,4
1838,34,5,4
1838,35,3,4
1839,34,4,4
1839,35,4,4
1840,34,3,4
1840,35,5,4
1841,34,2,4
1841,35,6,4
1842,34,3,4
1842,35,5,4
1843,34,2,4
1843,35,4,4
1844,34,3,4
1844,35,3,4
1845,34,4,4
1845,35,2,4
1846,34,5,4
1846,35,3,4
1847,34,6,4
1847,35,4,4
1848,34,5,4
1848,35,5,4
1849,34,4,4
1849,35,6,4
1850,34,3,4
1850,35,7,4
1851,34,2,4
1851,35,7,4
1852,34,1,4
1852,35,7,4
1853,34,2,4
1853,35,7,4
1853,36,0,4
1854,34,3,4
1854,35,7,4
1854,36,1,4
1855,34,4,4
1855,35,7,4
1855,36,2,4
1856,34,5,4
1856,35,7,4
1856,36,3,4
1857,34,6,4
1857,35,7,4
1857,36,4,4
1858,34,7,4
1858,35,7,4
1858,36,5,4
1859,34,7,4
1859,35,7,4
1859,36,6,4
1860,34,7,4
1860,35,7,4
1860,36,7,4
1861,34,7,4
1861,35,7,4
1861,36,6,4
1862,34,7,4
1862,35,6,4
1862,36,5,4
1863,34,7,4
1863,35,5,4
1863,36,6,4
1864,34,7,4
1864,35,6,4
1864,36,5,4
1865,34,7,4
1865,35,5,4
1865,36,4,4
1866,34,7,4
1866,35,4,4
1866,36,3,4
1867,34,7,4
1867,35,3,4
1867,36,4,4
1868,34,7,4
1868,35,4,4
1868,36,5,4
1869,34,7,4
1869,35,5,4
1869,36,6,4
1870,34,6,4
1870,35,6,4
1870,36,5,4
1871,34,5,4
1871,35,7,4
1871,36,4,4
1872,34,4,4
1872,35,7,4
1872,36,3,4
1872,37,0,1
1873,34,3,4
1873,35,7,4
1873,36,2,4
1873,37,1,1
1874,34,4,4
1874,35,7,4
1874,36,3,4
1874,37,2,1
1875,34,3,4
1875,35,7,4
1875,36,4,4
1875,37,3,1
1876,34,2,4
1876,35,7,4
1876,36,5,4
1876,37,2,1
1877,34,3,4
1877,35,6,4
1877,36,6,4
1877,37,3,1
1878,34,4,4
1878,35,5,4
1878,36,5,4
1878,37,4,1
1879,34,5,4
1879,35,4,4
1879,36,4,4
1879,37,5,1
1880,34,6,4
1880,35,3,4
1880,36,3,4
1880,37,6,1
1881,34,7,4
1881,35,4,4
1881,36,2,4
1881,37,5,1
1882,34,7,4
1882,36,1,4
1882,37,4,1
1883,34,7,4
1883,36,2,4
1883,37,3,1
1884,34,7,4
1884,36,3,4
1884,37,2,1
1885,34,7,4
1885,36,4,4
1885,37,3,1
1886,34,7,4
1886,36,5,4
1886,37,4,1
1887,34,6,4
1887,36,6,4
1887,37,5,1
1888,34,5,4
1888,36,7,4
1888,37,6,1
1889,34,4,4
1889,36,7,4
1889,37,5,1
1890,34,3,4
1890,36,7,4
1891,34,2,4
1891,36,7,4
1892,34,1,4
1892,36,7,4
1893,34,0,4
1893,36,7,4
1894,34,1,4
1894,36,7,4
1895,34,0,4
1895,36,7,4
1896,34,0,4
1896,36,7,4
1897,36,7,4
1898,36,7,4
1899,36,7,4
1900,36,6,4
1901,36,5,4
1902,36,4,4
1903,36,3,4
1904,36,4,4
1905,36,3,4
1906,36,2,4
1907,36,3,4
1908,36,2,4
1909,36,1,4
1910,36,0,4
1911,36,1,4
1911,38,0,4
1912,36,0,4
1912,38,1,4
1913,36,1,4
1913,38,2,4
1914,36,2,4
1914,38,3,4
1915,36,3,4
1915,38,4,4
1916,36,4,4
1916,38,5,4
1917,36,5,4
1917,38,6,4
1918,36,6,4
1918,38,7,4
1919,36,7,4
1919,38,7,4
1920,36,7,4
1920,38,6,4
1921,36,7,4
1921,38,5,4
1922,36,7,4
1922,38,4,4
1923,36,7,4
1923,38,3,4
1924,36,7,4
1924,38,2,4
1925,36,7,4
1925,38,3,4
1926,36,6,4
1926,38,2,4
1926,39,0,1
1927,36,7,4
1927,38,1,4
1927,39,1,1
1928,36,6,4
1928,38,0,4
1928,39,2,1
1929,36,5,4
1929,38,1,4
1929,39,3,1
1930,38,2,4
1930,39,4,1
1931,38,3,4
1931,39,5,1
1932,38,4,4
1932,39,6,1
1933,38,5,4
1933,39,5,1
1934,38,6,4
1934,39,4,1
1935,38,5,4
1935,39,3,1
1936,39,4,1
1937,39,5,1
1938,39,6,1
1939,39,7,1
1940,39,7,1
1941,39,7,1
1942,39,7,1
1943,39,6,1
1944,39,5,1
1945,39,4,1
1945,40,0,4
1946,39,3,1
1946,40,1,4
1947,39,2,1
1947,40,0,4
1948,39,1,1
1948,40,1,4
1949,39,0,1
1949,40,0,4
1950,39,0,1
1950,40,0,4
1951,39,0,1
1951,40,1,4
1952,39,1,1
1952,40,0,4
1953,39,0,1
1953,40,1,4
1954,39,1,1
1954,40,2,4
1955,39,2,1
1955,40,3,4
1956,39,3,1
1956,40,4,4
1957,39,4,1
1957,40,3,4
1958,39,5,1
1958,40,2,4
1959,39,6,1
1959,40,1,4
1960,39,7,1
1960,40,0,4
1961,39,7,1
1961,40,1,4
1962,39,7,1
1962,40,0,4
1963,39,7,1
1963,40,1,4
1964,39,7,1
1964,40,2,4
1965,39,7,1
1965,40,3,4
1966,39,7,1
1966,40,4,4
1967,39,6,1
1967,40,5,4
1968,39,7,1
1968,40,6,4
1969,39,6,1
1969,40,7,4
1970,40,6,4
1971,40,5,4
1972,40,6,4
1973,40,5,4
1974,40,4,4
1975,40,3,4
1976,40,4,4
1977,40,5,4
1978,40,6,4
1979,40,5,4
1980,40,4,4
1981,40,3,4
1982,40,2,4
1983,40,3,4
1984,40,4,4
1985,40,5,4
1986,40,6,4
1987,40,5,4
1988,40,4,4
1989,40,3,4
2006,41,0,2
2007,41,1,2
2008,41,2,2
2009,41,1,2
2010,41,2,2
2011,41,3,2
2012,41,4,2
2013,41,5,2
2014,41,6,2
2015,41,7,2
2016,41,7,2
2017,41,7,2
2018,41,7,2
2019,41,7,2
2020,41,7,2
2020,42,0,1
2021,41,7,2
2021,42,1,1
2022,41,7,2
2022,42,2,1
2023,41,7,2
2023,42,3,1
2024,41,7,2
2024,42,4,1
2025,41,7,2
2025,42,5,1
2026,41,6,2
2026,42,6,1
2027,41,5,2
2027,42,7,1
2028,41,6,2
2028,42,7,1
2029,41,5,2
2029,42,7,1
2030,41,4,2
2030,42,7,1
2031,41,3,2
2031,42,7,1
2032,41,4,2
2032,42,7,1
2033,41,5,2
2033,42,7,1
2034,41,6,2
2034,42,7,1
2035,41,7,2
2035,42,7,1
2036,41,7,2
2036,42,7,1
2037,41,7,2
2037,42,7,1
2038,41,7,2
2038,42,7,1
2039,41,7,2
2039,42,6,1
2040,41,6,2
2040,42,5,1
2041,41,5,2
2041,42,4,1
2042,41,6,2
2042,42,3,1
2043,41,5,2
2043,42,2,1
2044,42,3,1
2045,42,2,1
2046,42,3,1
2047,42,4,1
2048,42,5,1
2049,42,6,1
2050,42,5,1
2051,42,4,1
2055,43,0,4
2056,43,1,4
2057,43,2,4
2058,43,3,4
2059,43,4,4
2060,43,5,4
2061,43,6,4
2062,43,5,4
2063,43,4,4
2064,43,3,4
2065,43,4,4
2367,44,0,1
2368,44,1,1
2369,44,2,1
2370,44,1,1
2371,44,2,1
2372,44,1,1
2373,44,2,1
2374,44,3,1
2375,44,4,1
2376,44,5,1
2377,44,6,1
2378,44,7,1
2379,44,7,1
2380,44,7,1
2381,44,7,1
2382,44,7,1
2383,44,7,1
2384,44,7,1
2385,44,7,1
2386,44,7,1
2387,44,7,1
2387,45,0,4
2388,44,7,1
2388,45,1,4
2389,44,7,1
2389,45,2,4
2390,44,6,1
2390,45,3,4
2391,44,5,1
2391,45,4,4
2391,46,0,4
2392,44,4,1
2392,45,5,4
2392,46,1,4
2393,44,3,1
2393,45,6,4
2393,46,2,4
2394,44,4,1
2394,45,7,4
2394,46,3,4
2395,44,3,1
2395,45,7,4
2395,46,4,4
2396,44,4,1
2396,45,7,4
2396,46,5,4
2397,44,5,1
2397,45,7,4
2397,46,6,4
2398,44,6,1
2398,45,7,4
2398,46,7,4
2399,44,5,1
2399,45,6,4
2399,46,7,4
2400,44,4,1
2400,45,5,4
2400,46,7,4
2401,44,3,1
2401,45,4,4
2401,46,7,4
2402,44,2,1
2402,45,5,4
2402,46,7,4
2403,44,1,1
2403,45,4,4
2403,46,6,4
2404,44,2,1
2404,45,3,4
2404,46,5,4
2405,44,1,1
2405,45,4,4
2405,46,4,4
2406,44,2,1
2406,45,5,4
2406,46,5,4
2407,44,3,1
2407,45,6,4
2407,46,4,4
2408,44,4,1
2408,45,7,4
2408,46,3,4
2409,44,5,1
2409,45,7,4
2409,46,4,4
2410,44,4,1
2410,45,7,4
2410,46,5,4
2411,44,3,1
2411,45,7,4
2411,46,6,4
2412,44,4,1
2412,45,7,4
2412,46,7,4
2413,44,3,1
2413,45,7,4
2413,46,6,4
2414,44,4,1
2414,45,7,4
2414,46,7,4
2415,44,5,1
2415,45,7,4
2415,46,6,4
2416,44,6,1
2416,45,7,4
2416,46,7,4
2417,44,7,1
2417,45,7,4
2417,46,6,4
2418,44,7,1
2418,45,7,4
2418,46,7,4
2419,44,6,1
2419,45,7,4
2419,46,6,4
2420,44,5,1
2420,45,7,4
2420,46,7,4
2421,44,4,1
2421,45,6,4
2421,46,7,4
2422,44,5,1
2422,45,5,4
2422,46,6,4
2423,44,4,1
2423,45,4,4
2423,46,7,4
2424,44,3,1
2424,45,3,4
2424,46,6,4
2425,44,4,1
2425,45,2,4
2425,46,7,4
2426,44,5,1
2426,45,1,4
2426,46,6,4
2427,45,2,4
2427,46,5,4
2428,45,1,4
2428,46,4,4
2429,45,2,4
2429,46,3,4
2430,45,3,4
2430,46,2,4
2431,45,4,4
2431,46,1,4
2432,45,5,4
2432,46,0,4
2433,45,6,4
2433,46,1,4
2434,45,5,4
2434,46,0,4
2435,45,4,4
2435,46,0,4
2436,45,3,4
2436,46,1,4
2437,45,2,4
2437,46,0,4
2438,45,3,4
2438,46,1,4
2439,45,4,4
2439,46,2,4
2440,45,5,4
2440,46,3,4
2441,45,6,4
2442,45,5,4
2443,45,4,4
2444,45,3,4
2445,45,4,4
2446,45,5,4
2447,45,6,4
2448,45,7,4
2449,45,7,4
2450,45,6,4
2451,45,5,4
2452,45,6,4
2453,45,5,4
2454,45,4,4
2455,45,3,4
2456,45,4,4
2457,45,5,4
2458,45,4,4
2459,45,3,4
2460,45,2,4
2461,45,1,4
2548,47,0,4
2549,47,1,4
2550,47,2,4
2551,47,3,4
2552,47,2,4
2553,47,1,4
2554,47,2,4
2555,47,3,4
2556,47,4,4
2557,47,5,4
2558,47,6,4
2559,47,7,4
2560,47,7,4
2561,47,7,4
2561,48,0,1
2562,47,7,4
2562,48,1,1
2563,47,7,4
2563,48,2,1
2564,47,7,4
2564,48,3,1
2565,47,7,4
2565,48,4,1
2566,47,7,4
2566,48,5,1
2567,47,7,4
2567,48,6,1
2568,47,7,4
2568,48,7,1
2569,47,7,4
2569,48,7,1
2570,47,7,4
2570,48,6,1
2571,47,6,4
2571,48,5,1
2572,47,5,4
2572,48,4,1
2573,47,4,4
2573,48,3,1
2574,47,3,4
2574,48,2,1
2575,47,4,4
2575,48,1,1
2576,48,2,1
2577,48,1,1
2578,48,2,1
2579,48,3,1
2580,48,4,1
2581,48,5,1
2582,48,6,1
2583,48,5,1
2584,48,4,1
2585,48,3,1
2586,48,2,1
2587,48,3,1
2588,48,4,1
2589,48,5,1
2590,48,6,1
2591,48,7,1
2592,48,7,1
2593,48,7,1
2594,48,6,1
2595,48,5,1
2596,48,4,1
2597,48,3,1
2598,48,4,1
2599,48,3,1
2600,48,2,1
2601,48,3,1
2602,48,2,1
2603,48,1,1
2604,48,2,1
2605,48,3,1
2606,48,4,1
2607,48,5,1
2608,48,6,1
2609,48,7,1
2610,48,7,1
2611,48,7,1
2612,48,7,1
2612,49,0,1
2613,48,7,1
2613,49,1,1
2614,48,7,1
2614,49,2,1
2615,48,7,1
2615,49,1,1
2616,48,7,1
2616,49,0,1
2617,48,7,1
2617,49,1,1
2618,48,7,1
2618,49,0,1
2619,48,7,1
2619,49,0,1
2620,48,7,1
2620,49,1,1
2621,48,6,1
2621,49,0,1
2622,48,5,1
2622,49,1,1
2623,48,4,1
2623,49,2,1
2624,48,3,1
2624,49,3,1
2625,48,4,1
2625,49,4,1
2626,48,3,1
2626,49,5,1
2627,48,4,1
2627,49,6,1
2628,48,5,1
2628,49,7,1
2629,48,6,1
2629,49,7,1
2630,48,5,1
2630,49,7,1
2631,48,4,1
2631,49,7,1
2632,48,3,1
2632,49,7,1
2633,48,2,1
2633,49,7,1
2634,48,1,1
2634,49,7,1
2635,48,2,1
2635,49,7,1
2636,48,1,1
2636,49,7,1
2637,48,2,1
2637,49,7,1
2638,48,3,1
2638,49,7,1
2639,48,4,1
2639,49,7,1
2640,48,5,1
2640,49,6,1
2641,48,4,1
2641,49,5,1
2642,48,3,1
2642,49,4,1
2643,49,3,1
2644,49,2,1
2645,49,3,1
2646,49,2,1
2647,49,3,1
2648,49,4,1
2649,49,5,1
2650,49,6,1
2651,49,5,1
2652,49,4,1
2653,49,3,1
2654,49,2,1
2655,49,3,1
2656,49,4,1
2657,49,5,1
2658,49,4,1
2659,49,5,1
2744,50,0,2
2745,50,1,2
2746,50,2,2
2747,50,3,2
2748,50,4,2
2749,50,5,2
2750,50,6,2
2751,50,7,2
2752,50,7,2
2753,50,6,2
2754,50,5,2
2755,50,4,2
2756,50,5,2
2757,50,4,2
2758,50,3,2
2759,50,4,2
2760,50,5,2
2761,50,6,2
2762,50,7,2
2763,50,7,2
2764,50,7,2
2765,50,7,2
2766,50,7,2
2767,50,7,2
2768,50,7,2
2769,50,7,2
2770,50,6,2
2771,50,5,2
2772,50,4,2
2773,50,3,2
2774,50,2,2
2775,50,1,2
2776,50,0,2
2777,50,1,2
2778,50,0,2
2785,51,0,2
2786,51,1,2
2787,51,2,2
2788,51,3,2
2789,51,4,2
2790,51,5,2
2791,51,4,2
2792,51,3,2
2793,51,2,2
2794,51,1,2
2795,51,2,2
2796,51,1,2
2797,51,2,2
2798,51,3,2
2799,51,4,2
2800,51,5,2
2801,51,6,2
2802,51,7,2
2803,51,7,2
2804,51,7,2
2805,51,7,2
2806,51,7,2
2807,51,7,2
2808,51,7,2
2809,51,7,2
2810,51,7,2
2811,51,7,2
2812,51,7,2
2813,51,6,2
2814,51,5,2
2815,51,6,2
2816,51,5,2
2874,52,0,3
2875,52,1,3
2876,52,2,3
2877,52,3,3
2878,52,4,3
2879,52,5,3
2880,52,6,3
2881,52,7,3
2882,52,6,3
2883,52,5,3
2884,52,4,3
2885,52,5,3
2886,52,4,3
2887,52,3,3
2888,52,4,3
2889,52,5,3
2890,52,6,3
2891,52,5,3
2892,52,4,3
2949,53,0,1
2950,53,1,1
2951,53,2,1
2952,53,3,1
2953,53,4,1
2954,53,5,1
2955,53,6,1
2956,53,7,1
2957,53,7,1
2958,53,7,1
2959,53,7,1
2960,53,7,1
2961,53,7,1
2962,53,7,1
2963,53,7,1
2964,53,7,1
2965,53,7,1
2966,53,7,1
2967,53,7,1
2968,53,6,1
2969,53,5,1
2970,53,4,1
2971,53,3,1
2972,53,2,1
2973,53,3,1
2974,53,2,1
2975,53,3,1
2976,53,4,1
2977,53,5,1
2978,53,6,1
2979,53,7,1
2980,53,7,1
2981,53,7,1
2982,53,7,1
2982,54,0,1
2983,53,7,1
2983,54,1,1
2984,53,7,1
2984,54,2,1
2985,53,6,1
2985,54,3,1
2986,53,5,1
2986,54,4,1
2987,53,4,1
2987,54,5,1
2988,53,3,1
2988,54,6,1
2989,53,2,1
2989,54,5,1
2990,53,1,1
2990,54,4,1
2991,53,0,1
2991,54,3,1
2992,54,4,1
2993,54,5,1
2993,55,0,3
2994,54,6,1
2994,55,1,3
2995,54,7,1
2995,55,2,3
2996,54,7,1
2996,55,3,3
2997,54,7,1
2997,55,4,3
2998,54,6,1
2998,55,5,3
2999,54,7,1
2999,55,4,3
3000,54,6,1
3000,55,3,3
3001,54,5,1
3001,55,2,3
3002,55,3,3
3003,55,4,3
3004,55,5,3
3005,55,4,3
3006,55,5,3
3007,55,4,3
3008,55,3,3
3009,55,4,3
3010,55,5,3
3011,55,6,3
3012,55,7,3
3013,55,7,3
3014,55,7,3
3015,55,7,3
3016,55,7,3
3017,55,7,3
3018,55,7,3
3019,55,7,3
3020,55,7,3
3021,55,7,3
3022,55,7,3
3023,55,7,3
3024,55,6,3
3025,55,5,3
3026,55,4,3
3027,55,3,3
3028,55,4,3
3029,55,3,3
3030,55,4,3
3031,55,5,3
3032,55,6,3
3033,55,7,3
3034,55,7,3
3035,55,7,3
3036,55,7,3
3037,55,7,3
3038,55,6,3
3039,55,5,3
3040,55,4,3
3040,56,0,4
3041,55,5,3
3041,56,1,4
3042,56,2,4
3043,56,3,4
3043,57,0,1
3044,56,4,4
3044,57,1,1
3045,56,3,4
3045,57,0,1
3045,58,0,1
3046,56,2,4
3046,57,1,1
3046,58,1,1
3047,56,1,4
3047,57,0,1
3047,58,2,1
3048,56,0,4
3048,57,1,1
3048,58,3,1
3049,56,0,4
3049,57,2,1
3049,58,4,1
3050,56,0,4
3050,57,3,1
3050,58,5,1
3051,56,0,4
3051,57,2,1
3051,58,4,1
3052,56,0,4
3052,57,3,1
3052,58,3,1
3053,56,1,4
3053,57,2,1
3053,58,2,1
3054,56,0,4
3054,57,1,1
3054,58,1,1
3055,56,1,4
3055,57,0,1
3055,58,2,1
3056,56,2,4
3056,57,1,1
3056,58,1,1
3057,56,3,4
3057,57,0,1
3057,58,2,1
3058,56,4,4
3058,58,3,1
3059,56,5,4
3059,58,4,1
3060,56,6,4
3060,58,5,1
3061,56,7,4
3061,58,6,1
3062,56,6,4
3062,58,7,1
3063,56,7,4
3063,58,6,1
3064,56,6,4
3064,58,5,1
3065,56,5,4
3065,58,6,1
3066,56,4,4
3066,58,5,1
3067,56,5,4
3067,58,4,1
3068,56,6,4
3068,58,3,1
3069,56,5,4
3069,58,4,1
3070,56,4,4
3070,58,5,1
3071,56,3,4
3071,58,6,1
3072,56,2,4
3072,58,7,1
3073,56,1,4
3073,58,7,1
3074,56,2,4
3074,58,7,1
3075,56,1,4
3075,58,7,1
3076,56,2,4
3076,58,7,1
3077,56,3,4
3077,58,6,1
3078,56,4,4
3078,58,5,1
3079,56,5,4
3079,58,4,1
3080,56,6,4
3080,58,3,1
3081,56,5,4
3081,58,2,1
3082,56,4,4
3082,58,1,1
3083,56,3,4
3083,58,0,1
3084,56,2,4
3084,58,0,1
3085,56,3,4
3085,58,0,1
3086,56,4,4
3087,56,5,4
3088,56,6,4
3089,56,7,4
3090,56,7,4
3091,56,7,4
3092,56,7,4
3093,56,7,4
3094,56,7,4
3095,56,7,4
3096,56,7,4
3097,56,7,4
3098,56,7,4
3099,56,7,4
3100,56,7,4
3101,56,6,4
3102,56,5,4
3103,56,6,4
3104,56,5,4
3105,56,4,4
3106,56,3,4
3107,56,4,4
3108,56,5,4
3109,56,6,4
3110,56,7,4
3111,56,7,4
3112,56,7,4
3113,56,7,4
3114,56,7,4
3115,56,7,4
3116,56,6,4
3117,56,5,4
3118,56,4,4
3119,56,3,4
3120,56,4,4
3282,59,0,1
3283,59,1,1
3284,59,2,1
3285,59,3,1
3286,59,2,1
3287,59,3,1
3288,59,4,1
3289,59,5,1
3290,59,6,1
3291,59,7,1
3292,59,7,1
3293,59,7,1
3294,59,7,1
3295,59,7,1
3296,59,7,1
3297,59,7,1
3298,59,7,1
3299,59,7,1
3300,59,7,1
3301,59,7,1
3302,59,7,1
3303,59,6,1
3304,59,5,1
3305,59,6,1
3306,59,5,1
3307,59,4,1
3308,59,3,1
3309,59,2,1
3310,59,1,1
3311,59,2,1
3312,59,1,1
3313,59,2,1
3314,59,3,1
3315,59,4,1
3316,59,5,1
3317,59,6,1
3318,59,7,1
3319,59,7,1
3320,59,7,1
3321,59,7,1
3322,59,7,1
3323,59,7,1
3324,59,7,1
3325,59,6,1
3326,59,7,1
3327,59,6,1
3328,59,5,1
3347,60,0,2
3348,60,1,2
3349,60,2,2
3350,60,3,2
3351,60,4,2
3352,60,5,2
3353,60,6,2
3354,60,7,2
3355,60,7,2
3356,60,7,2
3357,60,7,2
3358,60,7,2
3359,60,6,2
3360,60,5,2
3361,60,4,2
3362,60,3,2
3363,60,2,2
3364,60,1,2
3365,60,0,2
3366,60,0,2
3367,60,1,2
3368,60,0,2
3369,60,1,2
3370,60,2,2
3371,60,3,2
3372,60,4,2
3373,60,5,2
3374,60,6,2
3375,60,7,2
3376,60,7,2
3377,60,7,2
3378,60,7,2
3379,60,7,2
3380,60,7,2
3381,60,7,2
3382,60,7,2
3383,60,7,2
3384,60,7,2
3385,60,7,2
3386,60,6,2
3387,60,5,2
3388,60,4,2
3389,60,5,2
3390,60,4,2
3391,60,3,2
3392,60,4,2
3393,60,5,2
3394,60,6,2
3395,60,5,2
3396,60,4,2
3403,61,0,2
3404,61,1,2
3405,61,2,2
3406,61,3,2
3407,61,4,2
3408,61,5,2
3409,61,4,2
3410,61,3,2
3411,61,4,2
3412,61,3,2
3413,61,4,2
3414,61,5,2
3415,61,6,2
3416,61,7,2
3417,61,7,2
3418,61,7,2
3419,61,6,2
3420,61,5,2
3421,61,4,2
3422,61,3,2
3423,61,2,2
3424,61,3,2
3425,61,2,2
3426,61,1,2
3427,61,0,2
3428,61,1,2
3429,61,0,2
3430,61,1,2
3431,61,2,2
3432,61,3,2
3433,61,4,2
3434,61,5,2
3435,61,6,2
3435,62,0,3
3436,61,7,2
3436,62,1,3
3437,61,7,2
3437,62,0,3
3438,61,7,2
3438,62,1,3
3439,61,7,2
3439,62,0,3
3440,61,7,2
3440,62,1,3
3441,61,7,2
3441,62,0,3
3442,61,7,2
3442,62,1,3
3443,61,7,2
3443,62,2,3
3444,61,7,2
3444,62,3,3
3445,61,7,2
3445,62,4,3
3446,61,7,2
3446,62,5,3
3447,61,6,2
3447,62,4,3
3448,61,5,2
3448,62,3,3
3449,61,6,2
3449,62,2,3
3450,61,5,2
3450,62,1,3
3471,63,0,2
3472,63,1,2
3473,63,2,2
3474,63,3,2
3475,63,4,2
3476,63,5,2
3477,63,6,2
3478,63,7,2
3479,63,7,2
3480,63,6,2
3481,63,5,2
3482,63,4,2
3483,63,5,2
3484,63,4,2
3485,63,3,2
3485,64,0,1
3486,63,2,2
3486,64,1,1
3487,63,1,2
3487,64,2,1
3488,63,2,2
3488,64,3,1
3489,63,3,2
3489,64,4,1
3490,63,4,2
3490,64,5,1
3491,63,5,2
3491,64,4,1
3492,63,6,2
3492,64,3,1
3493,63,7,2
3493,64,2,1
3494,63,7,2
3494,64,1,1
3495,63,7,2
3495,64,2,1
3496,63,7,2
3496,64,1,1
3497,63,7,2
3497,64,2,1
3498,63,7,2
3498,64,3,1
3499,63,7,2
3499,64,4,1
3500,63,7,2
3500,64,5,1
3501,63,7,2
3501,64,6,1
3502,63,7,2
3502,64,5,1
3503,63,7,2
3504,63,6,2
3505,63,5,2
3506,63,6,2
3507,63,5,2
3531,65,0,1
3532,65,1,1
3533,65,2,1
3534,65,1,1
3535,65,0,1
3536,65,1,1
3537,65,0,1
3538,65,1,1
3539,65,0,1
3540,65,1,1
3541,65,2,1
3542,65,3,1
3542,66,0,3
3543,65,4,1
3543,66,1,3
3544,65,5,1
3544,66,2,3
3545,65,6,1
3545,66,3,3
3546,65,7,1
3546,66,4,3
3547,65,7,1
3547,66,5,3
3548,65,7,1
3548,66,6,3
3549,65,7,1
3549,66,7,3
3550,65,7,1
3550,66,7,3
3551,65,7,1
3551,66,7,3
3552,65,7,1
3552,66,6,3
3553,65,7,1
3553,66,5,3
3554,65,7,1
3554,66,4,3
3555,65,7,1
3555,66,3,3
3555,67,0,4
3556,65,7,1
3556,66,2,3
3556,67,1,4
3557,65,7,1
3557,66,3,3
3557,67,2,4
3558,65,6,1
3558,66,2,3
3558,67,3,4
3559,65,5,1
3559,66,3,3
3559,67,4,4
3560,65,4,1
3560,66,4,3
3560,67,5,4
3561,65,3,1
3561,66,5,3
3561,67,6,4
3562,65,2,1
3562,66,6,3
3562,67,5,4
3563,65,1,1
3563,66,7,3
3563,67,4,4
3564,65,2,1
3564,66,6,3
3564,67,3,4
3565,65,1,1
3565,66,5,3
3565,67,2,4
3566,65,2,1
3566,66,4,3
3566,67,3,4
3567,65,3,1
3567,66,3,3
3567,67,4,4
3568,65,4,1
3568,66,2,3
3568,67,5,4
3569,65,5,1
3569,66,3,3
3569,67,6,4
3570,65,6,1
3570,66,2,3
3570,67,7,4
3571,65,5,1
3571,66,3,3
3571,67,7,4
3572,66,4,3
3572,67,7,4
3573,66,5,3
3573,67,6,4
3574,66,4,3
3574,67,5,4
3575,66,3,3
3575,67,4,4
3576,66,2,3
3576,67,5,4
3577,66,1,3
3577,67,4,4
3578,66,0,3
3578,67,3,4
3579,66,1,3
3579,67,4,4
3580,66,0,3
3580,67,3,4
3581,66,1,3
3581,67,4,4
3582,66,2,3
3582,67,5,4
3583,66,3,3
3583,67,6,4
3584,66,4,3
3584,67,7,4
3585,66,5,3
3585,67,7,4
3586,66,4,3
3586,67,7,4
3587,66,3,3
3587,67,7,4
3588,66,2,3
3588,67,7,4
3589,66,1,3
3589,67,7,4
3590,66,0,3
3590,67,7,4
3591,66,1,3
3591,67,7,4
3592,66,0,3
3592,67,7,4
3593,66,0,3
3593,67,7,4
3594,66,1,3
3594,67,7,4
3595,66,0,3
3595,67,7,4
3596,66,1,3
3596,67,7,4
3597,66,2,3
3597,67,6,4
3598,66,3,3
3598,67,5,4
3599,66,4,3
3599,67,4,4
3600,66,5,3
3600,67,3,4
3601,66,6,3
3601,67,2,4
3602,66,7,3
3602,67,1,4
3603,66,7,3
3604,66,7,3
3605,66,7,3
3606,66,7,3
3607,66,7,3
3608,66,7,3
3609,66,7,3
3610,66,7,3
3611,66,7,3
3612,66,7,3
3613,66,6,3
3614,66,5,3
3615,66,4,3
3616,66,3,3
3617,66,4,3
3618,66,3,3
3619,66,2,3
3724,68,0,4
3725,68,1,4
3726,68,2,4
3727,68,3,4
3728,68,4,4
3729,68,5,4
3730,68,6,4
3731,68,7,4
3732,68,7,4
3733,68,6,4
3734,68,5,4
3735,68,4,4
3736,68,3,4
3737,68,4,4
3738,68,3,4
3739,68,4,4
3740,68,5,4
3741,68,6,4
3742,68,5,4
3743,68,4,4
3744,68,3,4
3745,68,2,4
3746,68,3,4
3747,68,2,4
3748,68,3,4
3749,68,4,4
3750,68,5,4
3751,68,6,4
3752,68,7,4
3753,68,7,4
3754,68,7,4
3755,68,6,4
3756,68,5,4
3756,69,0,1
3757,68,4,4
3757,69,1,1
3758,68,5,4
3758,69,2,1
3759,68,4,4
3759,69,3,1
3760,68,3,4
3760,69,2,1
3761,68,4,4
3761,69,3,1
3762,68,3,4
3762,69,4,1
3763,68,4,4
3763,69,5,1
3764,68,5,4
3764,69,6,1
3765,68,6,4
3765,69,7,1
3766,68,7,4
3766,69,7,1
3767,68,7,4
3767,69,7,1
3768,68,7,4
3768,69,7,1
3769,68,7,4
3769,69,7,1
3770,68,7,4
3770,69,7,1
3771,68,7,4
3771,69,7,1
3772,68,7,4
3772,69,7,1
3773,68,7,4
3773,69,7,1
3774,68,7,4
3774,69,7,1
3775,68,7,4
3775,69,7,1
3776,68,7,4
3776,69,7,1
3777,68,7,4
3777,69,6,1
3778,68,7,4
3778,69,5,1
3779,68,6,4
3779,69,6,1
3780,68,5,4
3780,69,5,1
3781,68,4,4
3781,69,4,1
3782,68,3,4
3782,69,3,1
3783,68,2,4
3783,69,4,1
3784,68,3,4
3784,69,5,1
3784,70,0,1
3785,68,2,4
3785,69,6,1
3785,70,1,1
3786,68,3,4
3786,69,7,1
3786,70,2,1
3787,68,4,4
3787,69,7,1
3787,70,3,1
3788,68,5,4
3788,69,7,1
3788,70,4,1
3789,68,6,4
3789,69,7,1
3789,70,5,1
3790,68,5,4
3790,69,7,1
3790,70,6,1
3791,68,4,4
3791,69,7,1
3791,70,5,1
3792,68,3,4
3792,69,6,1
3792,70,4,1
3793,68,2,4
3793,69,5,1
3793,70,3,1
3794,68,1,4
3794,69,4,1
3794,70,4,1
3795,68,2,4
3795,69,3,1
3795,70,5,1
3796,68,3,4
3796,69,2,1
3796,70,6,1
3797,68,4,4
3797,70,7,1
3798,68,5,4
3798,70,7,1
3799,68,4,4
3799,70,7,1
3800,68,3,4
3800,70,7,1
3801,68,4,4
3801,70,7,1
3802,68,3,4
3802,70,7,1
3803,68,2,4
3803,70,7,1
3804,68,3,4
3804,70,7,1
3805,68,4,4
3805,70,7,1
3806,68,5,4
3806,70,7,1
3807,68,6,4
3807,70,7,1
3808,68,7,4
3808,70,7,1
3809,68,7,4
3809,70,7,1
3810,68,6,4
3810,70,6,1
3811,68,5,4
3811,70,5,1
3812,68,4,4
3812,70,4,1
3813,68,3,4
3813,70,3,1
3814,68,2,4
3814,70,2,1
3815,68,3,4
3815,70,1,1
3816,68,2,4
3816,70,0,1
3817,68,3,4
3817,70,1,1
3818,68,4,4
3818,70,0,1
3819,68,3,4
3819,70,1,1
3820,68,2,4
3820,70,0,1
3821,68,3,4
3821,70,1,1
3822,68,2,4
3822,70,2,1
3823,68,1,4
3823,70,1,1
3824,70,0,1
3825,70,1,1
3826,70,0,1
3827,70,0,1
3828,70,1,1
3829,70,0,1
3830,70,1,1
3831,70,2,1
3832,70,3,1
3833,70,4,1
3834,70,5,1
3834,71,0,4
3835,70,6,1
3835,71,1,4
3836,70,7,1
3836,71,2,4
3837,70,7,1
3837,71,3,4
3838,70,7,1
3838,71,4,4
3838,72,0,1
3839,70,7,1
3839,71,5,4
3839,72,1,1
3840,70,7,1
3840,71,6,4
3840,72,2,1
3841,70,7,1
3841,71,7,4
3841,72,3,1
3842,70,7,1
3842,71,7,4
3842,72,4,1
3843,70,6,1
3843,71,7,4
3843,72,5,1
3844,70,5,1
3844,71,7,4
3844,72,6,1
3845,70,6,1
3845,71,6,4
3845,72,7,1
3846,70,5,1
3846,71,5,4
3846,72,7,1
3847,71,4,4
3847,72,7,1
3848,71,3,4
3848,72,7,1
3849,71,2,4
3849,72,7,1
3850,71,3,4
3850,72,6,1
3851,71,2,4
3851,72,5,1
3852,71,3,4
3852,72,4,1
3853,71,4,4
3853,72,3,1
3854,71,5,4
3854,72,4,1
3855,71,6,4
3855,72,3,1
3856,71,7,4
3856,72,2,1
3857,71,7,4
3857,72,3,1
3858,71,6,4
3858,72,4,1
3859,71,5,4
3859,72,5,1
3860,71,4,4
3860,72,6,1
3861,71,3,4
3861,72,7,1
3862,71,2,4
3862,72,7,1
3863,71,1,4
3863,72,7,1
3864,71,2,4
3864,72,7,1
3865,71,1,4
3865,72,7,1
3866,71,2,4
3866,72,7,1
3867,71,3,4
3867,72,7,1
3868,71,4,4
3868,72,7,1
3869,71,5,4
3869,72,7,1
3870,71,4,4
3870,72,7,1
3871,71,5,4
3871,72,7,1
3872,72,7,1
3873,72,6,1
3874,72,5,1
3875,72,6,1
3876,72,5,1
3877,72,4,1
3878,72,3,1
3879,72,4,1
3880,72,5,1
3881,72,6,1
3882,72,5,1
3883,72,4,1
3884,72,3,1
3885,72,2,1
3886,72,1,1
3887,72,0,1
3888,72,1,1
3889,72,0,1
3890,72,0,1
3923,73,0,4
3924,73,1,4
3925,73,2,4
3925,74,0,2
3926,73,3,4
3926,74,1,2
3927,73,4,4
3927,74,2,2
3928,73,5,4
3928,74,3,2
3929,73,4,4
3929,74,4,2
3930,73,3,4
3930,74,5,2
3931,73,4,4
3931,74,6,2
3932,73,3,4
3932,74,7,2
3933,73,4,4
3933,74,7,2
3934,73,5,4
3934,74,7,2
3935,73,6,4
3935,74,7,2
3936,73,7,4
3936,74,6,2
3937,73,7,4
3937,74,7,2
3938,73,6,4
3938,74,6,2
3939,73,5,4
3939,74,5,2
3940,73,6,4
3940,74,4,2
3941,73,5,4
3941,74,3,2
3942,73,4,4
3942,74,4,2
3943,73,3,4
3943,74,5,2
3944,73,4,4
3944,74,6,2
3945,73,5,4
3945,74,7,2
3946,73,4,4
3946,74,7,2
3947,73,3,4
3947,74,7,2
3948,73,2,4
3948,74,7,2
3949,73,1,4
3949,74,7,2
3950,73,0,4
3950,74,7,2
3951,73,1,4
3951,74,7,2
3952,73,0,4
3952,74,7,2
3953,74,7,2
3954,74,7,2
3955,74,7,2
3956,74,7,2
3957,74,6,2
3958,74,5,2
3959,74,4,2
3960,74,3,2
3961,74,4,2
3962,74,3,2
3963,74,2,2
3964,74,3,2
3965,74,4,2
3966,74,5,2
3967,74,6,2
3967,75,0,4
3968,74,5,2
3968,75,1,4
3969,74,4,2
3969,75,2,4
3969,76,0,1
3970,74,3,2
3970,75,3,4
3970,76,1,1
3971,74,4,2
3971,75,4,4
3971,76,2,1
3972,74,5,2
3972,75,5,4
3972,76,3,1
3973,74,4,2
3973,75,6,4
3973,76,2,1
3974,74,3,2
3974,75,7,4
3974,76,3,1
3975,74,4,2
3975,75,7,4
3975,76,4,1
3976,74,3,2
3976,75,6,4
3976,76,5,1
3977,74,2,2
3977,75,5,4
3977,76,6,1
3978,74,3,2
3978,75,4,4
3978,76,7,1
3978,77,0,1
3979,74,4,2
3979,75,3,4
3979,76,7,1
3979,77,1,1
3980,74,5,2
3980,75,2,4
3980,76,7,1
3980,77,2,1
3981,74,6,2
3981,75,3,4
3981,76,7,1
3981,77,3,1
3982,74,7,2
3982,75,2,4
3982,76,7,1
3982,77,4,1
3983,74,6,2
3983,75,3,4
3983,76,7,1
3983,77,5,1
3984,74,5,2
3984,75,4,4
3984,76,7,1
3984,77,6,1
3985,74,4,2
3985,75,5,4
3985,76,7,1
3985,77,7,1
3986,74,3,2
3986,75,6,4
3986,76,7,1
3986,77,7,1
3987,74,4,2
3987,75,5,4
3987,76,7,1
3987,77,7,1
3988,74,3,2
3988,75,4,4
3988,76,7,1
3988,77,7,1
3989,74,2,2
3989,75,3,4
3989,76,7,1
3989,77,7,1
3989,78,0,2
3990,74,3,2
3990,75,2,4
3990,76,6,1
3990,77,6,1
3990,78,1,2
3991,74,4,2
3991,75,1,4
3991,76,5,1
3991,77,5,1
3991,78,2,2
3992,75,0,4
3992,76,4,1
3992,77,4,1
3992,78,3,2
3993,75,0,4
3993,76,5,1
3993,77,5,1
3993,78,4,2
3994,75,0,4
3994,76,4,1
3994,77,4,1
3994,78,5,2
3995,75,0,4
3995,76,3,1
3995,77,3,1
3995,78,6,2
3996,75,0,4
3996,76,2,1
3996,77,4,1
3996,78,7,2
3997,76,1,1
3997,77,5,1
3997,78,6,2
3998,77,6,1
3998,78,5,2
3999,77,7,1
3999,78,4,2
4000,77,7,1
4000,78,3,2
4001,77,7,1
4001,78,2,2
4002,77,7,1
4002,78,1,2
4003,77,7,1
4003,78,2,2
4004,77,7,1
4004,78,1,2
4005,77,7,1
4005,78,2,2
4006,77,7,1
4006,78,3,2
4007,77,7,1
4007,78,4,2
4008,77,7,1
4008,78,5,2
4009,77,7,1
4009,78,4,2
4010,77,7,1
4010,78,3,2
4011,77,7,1
4011,78,2,2
4012,77,6,1
4012,78,1,2
4013,77,5,1
4013,78,2,2
4014,77,4,1
4014,78,3,2
4015,77,3,1
4015,78,4,2
4016,77,2,1
4016,78,5,2
4017,77,1,1
4017,78,4,2
4018,77,0,1
4018,78,3,2
4019,77,1,1
4020,77,0,1
4021,77,0,1
4021,79,0,1
4022,77,0,1
4022,79,1,1
4023,77,1,1
4023,79,2,1
4024,77,0,1
4024,79,3,1
4025,77,1,1
4025,79,4,1
4026,77,2,1
4026,79,5,1
4027,79,6,1
4028,79,7,1
4029,79,6,1
4030,79,5,1
4031,79,6,1
4032,79,5,1
4033,79,4,1
4034,79,3,1
4035,79,4,1
4036,79,5,1
4037,79,4,1
4038,79,3,1
4074,80,0,3
4075,80,1,3
4076,80,2,3
4077,80,3,3
4078,80,2,3
4079,80,1,3
4080,80,2,3
4081,80,1,3
4082,80,2,3
4083,80,3,3
4084,80,4,3
4085,80,5,3
4086,80,6,3
4087,80,7,3
4088,80,6,3
4089,80,5,3
4090,80,4,3
4091,80,3,3
4092,80,2,3
4093,80,1,3
4094,80,0,3
4095,80,1,3
4096,80,0,3
4097,80,1,3
4098,80,0,3
4099,80,1,3
4099,81,0,2
4100,80,2,3
4100,81,1,2
4101,80,3,3
4101,81,2,2
4102,80,4,3
4102,81,3,2
4103,80,5,3
4103,81,4,2
4104,80,4,3
4104,81,5,2
4105,81,6,2
4106,81,7,2
4107,81,7,2
4108,81,7,2
4109,81,6,2
4110,81,5,2
4111,81,4,2
4112,81,3,2
4113,81,4,2
4114,81,3,2
4115,81,2,2
4116,81,3,2
4117,81,4,2
4118,81,5,2
4119,81,6,2
4120,81,7,2
4121,81,6,2
4122,81,5,2
4123,81,4,2
4124,81,3,2
4125,81,4,2
4126,81,3,2
4127,81,2,2
4128,81,3,2
4129,81,4,2
4130,81,5,2
4131,81,4,2
4132,81,3,2
4133,81,2,2
4134,81,1,2
4135,81,0,2
4136,81,1,2
4137,81,0,2
4138,81,0,2
4297,82,0,1
4298,82,1,1
4299,82,0,1
4300,82,0,1
4301,82,0,1
4302,82,0,1
4303,82,0,1
4304,82,1,1
4305,82,0,1
4306,82,1,1
4307,82,2,1
4308,82,3,1
4309,82,4,1
4310,82,3,1
4343,83,0,4
4344,83,1,4
4345,83,2,4
4346,83,3,4
4347,83,4,4
4348,83,5,4
4349,83,6,4
4350,83,7,4
4350,84,0,1
4351,83,7,4
4351,84,1,1
4352,83,7,4
4352,84,2,1
4353,83,7,4
4353,84,1,1
4354,83,7,4
4354,84,0,1
4355,83,7,4
4355,84,1,1
4356,83,7,4
4356,84,0,1
4357,83,7,4
4357,84,0,1
4358,83,7,4
4358,84,0,1
4359,83,7,4
4359,84,1,1
4360,83,7,4
4360,84,0,1
4361,83,7,4
4361,84,1,1
4362,83,6,4
4362,84,2,1
4363,83,5,4
4363,84,3,1
4364,83,4,4
4364,84,4,1
4365,83,3,4
4365,84,5,1
4366,83,2,4
4366,84,6,1
4367,83,3,4
4367,84,7,1
4368,83,2,4
4368,84,7,1
4369,83,3,4
4369,84,7,1
4370,83,2,4
4370,84,7,1
4371,83,1,4
4371,84,7,1
4372,84,7,1
4373,84,7,1
4374,84,7,1
4375,84,7,1
4376,84,7,1
4376,85,0,4
4377,84,7,1
4377,85,1,4
4378,84,7,1
4378,85,2,4
4379,84,6,1
4379,85,1,4
4380,84,5,1
4380,85,2,4
4381,84,4,1
4381,85,1,4
4382,84,3,1
4382,85,2,4
4383,84,2,1
4383,85,3,4
4384,84,1,1
4384,85,4,4
4385,84,2,1
4385,85,5,4
4386,84,1,1
4386,85,6,4
4387,84,2,1
4387,85,7,4
4388,84,3,1
4388,85,7,4
4389,84,4,1
4389,85,7,4
4390,84,5,1
4390,85,7,4
4391,84,6,1
4391,85,7,4
4392,84,5,1
4392,85,6,4
4393,84,4,1
4393,85,7,4
4394,84,3,1
4394,85,6,4
4395,84,4,1
4396,84,5,1
4397,84,6,1
4398,84,5,1
4399,84,4,1
4400,84,3,1
4401,84,2,1
4402,84,3,1
4403,84,4,1
4403,86,0,1
4404,84,5,1
4404,86,1,1
4405,84,6,1
4405,86,2,1
4406,84,7,1
4406,86,1,1
4407,84,7,1
4407,86,2,1
4408,84,6,1
4408,86,1,1
4409,84,5,1
4409,86,2,1
4410,84,4,1
4410,86,3,1
4411,84,3,1
4411,86,4,1
4412,84,2,1
4412,86,5,1
4413,84,1,1
4413,86,6,1
4414,84,0,1
4414,86,7,1
4415,84,1,1
4415,86,7,1
4416,84,0,1
4416,86,7,1
4417,84,0,1
4417,86,7,1
4418,84,1,1
4418,86,7,1
4419,84,0,1
4419,86,7,1
4420,84,1,1
4420,86,7,1
4421,84,2,1
4421,86,7,1
4421,87,0,2
4422,84,3,1
4422,86,7,1
4422,87,1,2
4423,84,4,1
4423,86,7,1
4423,87,2,2
4424,84,3,1
4424,86,7,1
4424,87,3,2
4425,86,7,1
4425,87,4,2
4426,86,6,1
4426,87,5,2
4427,86,5,1
4427,87,6,2
4428,86,4,1
4428,87,7,2
4429,86,3,1
4429,87,7,2
4430,86,4,1
4430,87,6,2
4431,86,3,1
4431,87,5,2
4432,86,4,1
4432,87,4,2
4433,86,5,1
4433,87,5,2
4434,86,6,1
4434,87,4,2
4435,86,5,1
4435,87,3,2
4436,86,4,1
4436,87,2,2
4437,86,3,1
4437,87,1,2
4438,86,2,1
4438,87,2,2
4439,86,1,1
4439,87,3,2
4440,86,2,1
4440,87,4,2
4441,86,1,1
4441,87,5,2
4442,86,2,1
4442,87,6,2
4443,86,3,1
4443,87,7,2
4444,86,4,1
4444,87,7,2
4445,86,5,1
4445,87,7,2
4446,86,4,1
4446,87,7,2
4447,86,3,1
4447,87,7,2
4448,86,2,1
4448,87,7,2
4449,86,3,1
4449,87,7,2
4450,86,2,1
4450,87,7,2
4451,86,3,1
4451,87,7,2
4452,86,4,1
4452,87,7,2
4453,86,5,1
4453,87,7,2
4454,86,6,1
4454,87,6,2
4455,86,7,1
4455,87,5,2
4456,86,7,1
4456,87,6,2
4457,86,6,1
4457,87,5,2
4458,86,5,1
4458,87,4,2
4459,86,4,1
4459,87,3,2
4460,86,3,1
4460,87,4,2
4461,86,2,1
4461,87,5,2
4462,86,1,1
4462,87,6,2
4463,86,2,1
4463,87,5,2
4464,86,1,1
4464,87,4,2
4465,86,2,1
4466,86,3,1
4467,86,4,1
4468,86,3,1
4469,86,2,1
4470,86,1,1
4471,86,0,1
4472,86,0,1
4473,86,1,1
4474,86,0,1
4475,86,1,1
4476,86,0,1
4477,86,0,1
4588,88,0,3
4589,88,1,3
4590,88,2,3
4591,88,3,3
4592,88,2,3
4593,88,1,3
4594,88,2,3
4595,88,1,3
4596,88,2,3
4597,88,3,3
4598,88,4,3
4599,88,5,3
4600,88,6,3
4601,88,7,3
4602,88,6,3
4603,88,5,3
4604,88,4,3
4605,88,3,3
4606,88,2,3
4607,88,1,3
4608,88,0,3
4609,88,1,3
4610,88,0,3
4611,88,0,3
4782,89,0,1
4783,89,1,1
4784,89,2,1
4785,89,3,1
4786,89,4,1
4787,89,3,1
4788,89,2,1
4789,89,1,1
4790,89,2,1
4791,89,3,1
4792,89,4,1
4793,89,5,1
4794,89,6,1
4795,89,7,1
4796,89,6,1
4797,89,5,1
4798,89,6,1
4799,89,5,1
4819,90,0,2
4820,90,1,2
4821,90,2,2
4822,90,3,2
4823,90,4,2
4824,90,5,2
4825,90,4,2
4825,91,0,1
4826,90,3,2
4826,91,1,1
4827,90,2,2
4827,91,0,1
4828,90,3,2
4828,91,1,1
4829,90,4,2
4829,91,0,1
4830,90,5,2
4830,91,1,1
4831,90,4,2
4831,91,2,1
4832,90,5,2
4832,91,3,1
4833,90,4,2
4833,91,4,1
4834,90,3,2
4834,91,3,1
4835,90,4,2
4835,91,2,1
4836,90,5,2
4836,91,1,1
4837,90,6,2
4837,91,2,1
4838,90,7,2
4838,91,3,1
4839,90,7,2
4839,91,4,1
4840,90,7,2
4840,91,5,1
4841,90,7,2
4841,91,6,1
4842,90,7,2
4842,91,7,1
4843,90,7,2
4843,91,7,1
4844,90,7,2
4844,91,7,1
4845,90,7,2
4845,91,7,1
4846,90,7,2
4846,91,6,1
4847,90,7,2
4847,91,5,1
4848,90,7,2
4848,91,4,1
4849,90,7,2
4849,91,3,1
4850,90,6,2
4850,91,2,1
4851,90,5,2
4852,90,4,2
4853,90,5,2
4860,92,0,2
4861,92,1,2
4862,92,2,2
4863,92,3,2
4864,92,4,2
4865,92,5,2
4866,92,6,2
4867,92,7,2
4868,92,6,2
4869,92,5,2
4870,92,4,2
4871,92,5,2
4872,92,4,2
4873,92,3,2
4874,92,4,2
4875,92,5,2
4876,92,6,2
4877,92,5,2
4878,92,4,2
4892,93,0,2
4893,93,1,2
4894,93,2,2
4895,93,1,2
4896,93,2,2
4897,93,3,2
4898,93,4,2
4899,93,5,2
4900,93,4,2
4901,93,3,2
4902,93,4,2
4903,93,3,2
4904,93,4,2
4905,93,5,2
4906,93,4,2
4907,93,3,2
4908,93,4,2
4909,93,3,2
4910,93,2,2
4911,93,3,2
4912,93,4,2
4913,93,5,2
4914,93,6,2
4915,93,7,2
4916,93,6,2
4917,93,5,2
4918,93,4,2
4919,93,5,2
4920,93,4,2
4921,93,3,2
4922,93,4,2
4923,93,5,2
4924,93,6,2
4925,93,7,2
4925,94,0,4
4926,93,7,2
4926,94,1,4
4927,93,7,2
4927,94,2,4
4928,93,7,2
4928,94,3,4
4929,93,6,2
4929,94,4,4
4930,93,5,2
4930,94,3,4
4931,93,4,2
4931,94,2,4
4932,93,3,2
4932,94,1,4
4933,93,2,2
4933,94,0,4
4934,94,0,4
4935,94,1,4
4936,94,0,4
4937,94,1,4
4938,94,2,4
4939,94,3,4
4940,94,4,4
4941,94,5,4
4942,94,6,4
4943,94,7,4
4944,94,6,4
4945,94,5,4
4946,94,6,4
4947,94,5,4
4948,94,4,4
4949,94,3,4
4950,94,4,4
4951,94,5,4
4952,94,6,4
4953,94,5,4
4954,94,4,4
4974,95,0,1
4975,95,1,1
4976,95,2,1
4977,95,3,1
4978,95,4,1
4979,95,5,1
4980,95,6,1
4981,95,7,1
4982,95,6,1
4983,95,5,1
4984,95,4,1
4985,95,5,1
4986,95,4,1
4987,95,3,1
4988,95,4,1
4989,95,5,1
4990,95,4,1
4991,95,3,1
5050,96,0,1
5051,96,1,1
5052,96,2,1
5053,96,3,1
5054,96,4,1
5055,96,5,1
5056,96,6,1
5057,96,7,1
5058,96,7,1
5059,96,6,1
5060,96,5,1
5061,96,4,1
5062,96,3,1
5063,96,2,1
5064,96,1,1
5065,96,2,1
5066,96,1,1
5067,96,2,1
5068,96,3,1
5069,96,4,1
5070,96,5,1
5071,96,6,1
5072,96,5,1
5073,96,4,1
5074,96,3,1
5075,96,2,1
5076,96,3,1
5077,96,4,1
5078,96,5,1
5079,96,6,1
5080,96,7,1
5081,96,7,1
5082,96,7,1
5083,96,6,1
5084,96,5,1
5085,96,4,1
5086,96,5,1
5087,96,4,1
5088,96,3,1
5089,96,2,1
5090,96,3,1
5091,96,2,1
5092,96,3,1
5093,96,4,1
5094,96,5,1
5095,96,6,1
5096,96,7,1
5097,96,7,1
5098,96,7,1
5099,96,7,1
5099,97,0,1
5100,96,7,1
5100,97,1,1
5101,96,6,1
5101,97,2,1
5102,96,7,1
5102,97,3,1
5103,96,6,1
5103,97,4,1
5104,96,5,1
5104,97,5,1
5105,97,6,1
5106,97,7,1
5107,97,7,1
5108,97,6,1
5109,97,5,1
5110,97,4,1
5111,97,3,1
5112,97,2,1
5113,97,3,1
5114,97,2,1
5115,97,3,1
5116,97,4,1
5117,97,5,1
5118,97,6,1
5119,97,5,1
5120,97,4,1
5121,97,3,1
5122,97,2,1
5123,97,1,1
5124,97,2,1
5125,97,3,1
5126,97,4,1
5127,97,5,1
5128,97,6,1
5129,97,7,1
5130,97,7,1
5131,97,7,1
5132,97,6,1
5133,97,5,1
5134,97,4,1
5135,97,3,1
5136,97,2,1
5163,98,0,1
5164,98,1,1
5165,98,2,1
5166,98,3,1
5167,98,4,1
5168,98,5,1
5169,98,6,1
5170,98,7,1
5171,98,7,1
5172,98,7,1
5173,98,6,1
5174,98,5,1
5175,98,4,1
5176,98,3,1
5177,98,2,1
5178,98,1,1
5179,98,2,1
5180,98,1,1
5181,98,2,1
5182,98,1,1
5183,98,2,1
5184,98,1,1
5185,98,2,1
5186,98,3,1
5187,98,4,1
5188,98,5,1
5189,98,6,1
5190,98,7,1
5191,98,7,1
5192,98,7,1
5193,98,7,1
5194,98,7,1
5195,98,7,1
5196,98,7,1
5197,98,7,1
5198,98,7,1
5199,98,7,1
5200,98,7,1
5201,98,7,1
5202,98,6,1
5203,98,5,1
5204,98,4,1
5205,98,3,1
5206,98,4,1
5207,98,3,1
5208,98,4,1
5209,98,5,1
5210,98,6,1
5211,98,5,1
5212,98,4,1
5213,98,3,1
5214,98,2,1
5215,98,1,1
5216,98,2,1
5217,98,1,1
5218,98,2,1
5219,98,3,1
5220,98,4,1
5221,98,5,1
5222,98,4,1
5223,98,3,1
5224,98,4,1
5225,98,3,1
5226,98,4,1
5227,98,5,1
5228,98,6,1
5229,98,7,1
5230,98,7,1
5231,98,6,1
5232,98,5,1
5233,98,4,1
5234,98,3,1
5235,98,4,1
5236,98,3,1
5237,98,2,1
5238,98,3,1
5239,98,4,1
5240,98,3,1
5241,98,2,1
5242,98,1,1
5252,99,0,2
5253,99,1,2
5254,99,2,2
5255,99,3,2
5256,99,2,2
5257,99,1,2
5258,99,2,2
5259,99,1,2
5260,99,2,2
5261,99,3,2
5262,99,4,2
5262,100,0,1
5263,99,5,2
5263,100,1,1
5264,99,6,2
5264,100,2,1
5265,99,7,2
5265,100,3,1
5266,99,6,2
5266,100,4,1
5267,99,5,2
5267,100,5,1
5268,99,4,2
5268,100,6,1
5269,99,3,2
5269,100,7,1
5270,99,2,2
5270,100,7,1
5271,99,1,2
5271,100,7,1
5272,100,7,1
5273,100,7,1
5274,100,7,1
5275,100,7,1
5276,100,7,1
5277,100,7,1
5278,100,7,1
5279,100,7,1
5280,100,7,1
5281,100,6,1
5282,100,5,1
5283,100,4,1
5284,100,3,1
5285,100,2,1
5286,100,3,1
5287,100,2,1
5288,100,3,1
5289,100,4,1
5290,100,5,1
5291,100,6,1
5292,100,5,1
5293,100,4,1
5329,101,0,1
5330,101,1,1
5331,101,2,1
5332,101,3,1
5333,101,4,1
5334,101,5,1
5335,101,6,1
5336,101,7,1
5337,101,7,1
5338,101,7,1
5339,101,7,1
5340,101,6,1
5341,101,5,1
5342,101,4,1
5343,101,3,1
5344,101,2,1
5345,101,1,1
5346,101,0,1
5347,101,1,1
5348,101,0,1
5349,101,0,1
5350,101,1,1
5351,101,0,1
5352,101,1,1
5353,101,2,1
5354,101,3,1
5355,101,4,1
5356,101,3,1
5357,101,2,1
5358,101,1,1
5465,102,0,2
5466,102,1,2
5467,102,2,2
5468,102,3,2
5469,102,4,2
5470,102,5,2
5471,102,6,2
5472,102,7,2
5473,102,7,2
5474,102,7,2
5475,102,7,2
5476,102,7,2
5477,102,6,2
5478,102,5,2
5479,102,4,2
5480,102,3,2
5481,102,2,2
5482,102,1,2
5483,102,0,2
5484,102,1,2
5485,102,0,2
5486,102,1,2
5487,102,0,2
5488,102,0,2
5489,102,0,2
5490,102,0,2
5492,103,0,1
5493,103,1,1
5494,103,2,1
5495,103,3,1
5496,103,4,1
5496,104,0,1
5497,103,5,1
5497,104,1,1
5498,103,6,1
5498,104,2,1
5499,103,7,1
5499,104,3,1
5500,103,7,1
5500,104,4,1
